评论内容,评论时间,平均评分,点赞数
千岩万壑图》气势磅礴、内容丰富。画家龚贤作为“金陵八家”之首，运用明暗关系表现山体造型，主次有序，黑白比例协调，水墨层次丰富，突破传统中国画以线条造型为主的程式，呈现出具有3D立体感的山水图景。,2025-04-22IP属地：安徽,4.6,"
点赞"
南京博物院占地13万余平方米，为“一院六馆”格局，即历史馆、特展馆、数字馆、艺术馆、非遗馆、民国馆。 是首批国家一级博物馆、首批中央地方共建国家级博物馆、国家AAAA级旅游景区、全国重点文物保护单位和中国20世纪建筑遗产，,2025-04-21IP属地：山东,4分 满意,"
8"
"🏛南京博物院必玩点评｜本地人整理的保姆级攻略来啦！避开人流玩转镇馆之宝✨ 嗨～这里是南京土著小鹿🦌！今天带你解锁中国三大博物馆之一的南京博物院，这份「必玩避坑指南」收好咯～ 📍【必看镇馆之宝】 🔸西汉金兽：9100克黄金打造，纯度99%的土豪金萌兽 3 9 🔸竹林七贤砖画：1600年前的魏晋风骨，看古人的""偶像天团""合影1 6 🔸大报恩寺琉璃拱门：阳光下会发光的明代绝美艺术品1 9 🔸金缕玉衣：汉代帝王级""高定寿衣""，金丝串玉超震撼3 9 📍【沉浸式玩法推荐】 🌇民国馆穿越体验： ➊ 穿旗袍在老茶馆听白局/昆曲（下午2-4点有演出 3 ） ➋ 在复刻的民国邮局寄明信片，盖特色邮戳1 ➌ 动态解锁：按方抓药、挑旗袍、拍复古写真3 🖼数字馆黑科技： ✨AR考古挖宝、3D文物复活、穹顶投影看文明演进 1 6 （带娃党必冲！互动装置超有趣～）",2025-04-20IP属地：山东,5分 超棒,"
1"
没见过这么乱的博物馆 1.其他省是文物下面直接有名称，这家是有号得找个相应对号看，有的还没号估计同类的只写了一个号 2.总4个楼，左边3个楼文物摆放很松散，走路相当多。人一直在馆里，跟快进快出的其它省完全相反 3 其它省是瓷器馆，织物馆，画展等分类，不喜欢的直接不去，这里是直接展厅1.2.3. 感觉带四大博物院名头也就那样，文物是多但也没什么特别的，路过可以看看但没必要特意去看,2025-04-17IP属地：山东,5分 超棒,"
点赞"
南京博物院，国内三大博物馆之一 从新石器时代的玉琮到民国绣娘的银针，每一件都是时光的切片，这里不是凝固的标本库，也不是冰冷的混凝土建筑，而是一座仍在生长的记忆宫殿 民国馆:复刻1912年的南京街头，老式福特汽车、邮局的黄铜柜台、叮叮当当进站的火车…都能让我们沉浸在那个民国时代的老南京 历史馆:以地层剖面为脉络，从恐龙化石到明清瓷釉，10万件文物串起江苏大地的文明年轮 镇馆之宝 南博的18件镇院之宝不会一次性全部展出，为了文物保护需求，部分文物会不定期轮流展出位 置也不固定，所以来一次是不可能的 要来很多 很多次 新石器时代 透雕人鸟兽玉饰(历史馆)2人面兽面组合纹玉琮 战国至汉代 战国错金银重络铜壶 西汉金兽(特展馆) 东汉银缕玉衣(历史馆3展厅为金缕玉衣)东汉广陵王玺金印东汉错银铜牛灯 东汉鎏金镶嵌兽形铜盒砚 魏晋南北朝 西晋青瓷神兽尊(历史馆) 南朝竹林七贤与荣启期砖画(历史馆) 明代 明釉里红岁寒三友纹梅瓶(特展馆)金蝉玉叶(特展馆)明鎏金喇嘛塔 利玛窦《坤舆万国全图》(特展馆)明青花寿山福海纹炉(特展馆) 徐渭《杂花图卷》 清代至民国 清金观音菩萨立像 民国沈寿绣品《耶稣像》,2025-04-15IP属地：河北,2分 一般,"
点赞"
南博集历史、艺术、科技体验于一体，建议预留4-6小时深度游览，真的非常值得一看！不仅藏品丰富，而且互动体验也不错的，可听可看可以品尝！😍,2025-04-09IP属地：上海,5分 超棒,"
1"
小邹妹妹的讲解很耐心，也很温柔，我都学会啦～合香是一个全新的体验呢！而且位置特别好，在老茶馆二楼，可以看到整个茶馆风光！做好后还拍了些照片，超级好看！真的属于必打卡的内容，很有新奇感，推荐大家试一试～,2025-04-03IP属地：江苏,5分 超棒,"
点赞"
一场穿越时空的文化盛宴——南京博物院游玩有感 走进南京博物院，就像一头扎进了历史的长河，开启了一场跨越千年的奇妙之旅。 一踏入大门，历史馆就以其庄重肃穆的氛围迎接四方来客。在这里，从远古时期的石器工具，到商周的青铜器，再到秦汉的竹简丝帛，一路浏览下来，仿佛亲眼见证了江苏地区上下五千年的文明进程。银缕玉衣静静陈列，诉说着汉代贵族的奢华与神秘；元青花萧何月下追韩信梅瓶，那细腻的笔触、明艳的色彩，让人不禁感叹古人的高超技艺，真不愧是镇馆之宝。 特展馆常常带来惊喜，每次展览都主题各异，让人领略到不同文化的魅力。我上次去的时候，就有幸欣赏到一场国外艺术大师的作品巡展，与国内馆藏珍品碰撞出别样的火花 。 民国馆更是不容错过，踏入其中，就像穿越回了民国时代。复古的招牌、黄包车、旧站台，还有街边的小酒馆，每一处细节都充满了年代感。穿着旗袍的姑娘们穿梭其中，随手一拍都是大片，在这里，历史不再是书本上枯燥的文字，而是鲜活可触的生活场景 。 数字馆充满科技感，多媒体互动让文物“活”了起来，孩子在里面玩得不亦乐乎，能在趣味中了解历史知识。艺术馆中，书画、陶瓷、雕刻等各类艺术品琳琅满目，展现着古代文人墨客的风雅与匠人的精湛手艺。非遗馆则传承着江苏的民间技艺，剪纸、刺绣、糖画等，每一项都让人赞叹不已。 不过，南博人气太旺，一定要提前在微信公众号预约，不然很可能吃闭门羹。馆内较大，建议穿舒适的鞋子。要是想深入了解文物背后的故事，不妨请个导游，或者租赁讲解器。馆内餐饮选择有限，也可自备小零食补充能量。 南京博物院，是历史与现代的交融，是知识的宝库，也是艺术的殿堂，每一次游览，都能带来新的感悟与收获，强烈推荐大家来感受这场文化盛宴！,2025-03-31IP属地：广东,5分 超棒,"
1"
南京博物院盖章攻略✅20枚免费章（附位置||分享南京博物院最新盖章攻略 无需消费 带上本子就行📒 📍历史馆➡️数字馆➡️特展馆➡️艺术馆➡️民国馆 📒盖章点位: 1️⃣历史馆:3枚(2枚固定+1枚流动 目前只2枚) 📍1楼4号厅和6号厅中间 2️⃣特展馆:3枚(2枚固定+1枚流动 目前有一枚) 📍文创店入口右侧，另外特展馆二层春华秋实特展还有1枚 3️⃣艺术馆:3枚(2枚固定+1枚流动 目前有2枚) 📍文创店旁边 4️⃣民国馆:青年日记系列印章8枚 📍吉祥银楼1枚、邮政局的2枚、火车站1枚、老茶馆1枚、韶华咖啡馆1枚、光华书局1枚、红公爵酒吧1枚、興楽糖果號1枚、首饰铺1枚、正青春百货 5️⃣博苏堂:2枚固定 📍大门进来左侧服务中心方向负一楼 ✅买了三个博物院纪念品 南博标志性的冰箱贴 6️⃣服务中心:1枚固定 📍大门进来左侧服务中心前台处 ‼️盖章的时候要对准了之后轻轻把章子放下去，再大力按压！一定要稳、准、狠一气呵成，不然可能就会印糊了或者盖不完整 🚇交通：2号线明故宫1号口 步行五分钟就到啦 🎫门票：🆓提前7天预约,2025-03-29IP属地：海南,5分 超棒,"
点赞"
第二次来，觉得没意思了 艺术馆好几个馆都没开 人多，还不开空调,2025-03-28IP属地：江苏,5分 超棒,"
点赞"
特种兵式打卡南京博物院||门票也非常好约，自己提前7天预约。（听说当天早上9点也会放票） 我的观看路线是：历史馆-特展馆-数字馆-民国馆-艺术馆（今天在装修，没开门！！）-非遗馆（最终从进场到出场全程花费2小时） 人真多！幸好去的早，一进去，一分流，就显得没那么多人了 科巷打卡了一些小吃，确实很热闹，鸡蛋汉堡排队好久,2025-03-28IP属地：海南,3分 不错,"
点赞"
南京博物院是中国三大院之一，值得一看。,2025-03-23IP属地：江苏,4.6,"
点赞"
明明有票，却一直约不上，不知道什么意思,2025-03-16IP属地：安徽,5分 超棒,"
点赞"
"我喜欢这个地方,它很感动,诚实地展示了战争的痛苦和日本人的入侵,它有遭受痛苦的人的声音,展示的质量很好",2025-03-11IP属地：未知,5分 超棒,"
点赞"
讲解比较仔细,2025-03-10IP属地：浙江,1分 不佳,"
点赞"
怎么说呢，项目挺好的，让娃体验了一回非遗的制香过程，时间差不多有半小时，娃的个人体验还是不错的。就是从家长的角度，商家有点小气了，必须购买项目人员的才能进入，都没法给娃好好拍两张照片纪念一下,2025-02-26IP属地：上海,5分 超棒,"
点赞"
青花寿山福海纹三足炉仿照青铜鼎造型，三只足呈动物蹄形，展现“三足鼎立”之势。瓷炉肩部的两只“S”形耳，在稳重端庄之余，又增添了灵动。周身装饰的寿山福海纹将“卷起千堆雪”的一瞬间，定格在这件瓷炉之上。,2025-02-26IP属地：安徽,5分 超棒,"
点赞"
非常值得一看！建议可以多次刷哦！,2025-02-21IP属地：上海,5分 超棒,"
点赞"
非常的Beautiful，，大家快去！,2025-02-21IP属地：天津,4分 满意,"
1"
很不错哦，文化韵味很足，而且场馆很大，可以再刷（PS：可以自带小本本过去盖章，那边的文创本子至少16块一本）,2025-02-18IP属地：上海,5分 超棒,"
点赞"
"我感到惊讶,因为它比我想象的要大。 我提前预订了,必须出示护照。 有几座建筑物和许多展览厅 我以为只有中文和英文的评论,但是当我问时,我付了钱,因为有韩语评论。 但是并不是所有的解释,只有耳机显示的说明,太大了,看了3个小时半",2025-02-18IP属地：未知,5分 超棒,"
点赞"
🏛 主要展馆推荐 南京博物院由六大展区组成，建议至少安排半天游览，深入了解可以安排一天。 1️⃣ 历史馆（必看！） 展示南京从远古到近代的历史，包括明清时期的珍贵文物 亮点藏品：大报恩寺琉璃塔拱门、南唐金饰、六朝青瓷 2️⃣ 艺术馆 主要展示书画、瓷器、玉器、青铜器等艺术品 亮点藏品：南唐画家周文矩的《重屏会棋图》、顾恺之《洛神赋图》 3️⃣ 民国馆（超有氛围！） 复原了南京民国时期的街景，有银行、茶馆、电影院等场景，还能换民国服装拍照 4️⃣ 数字馆（科技感十足） 采用虚拟现实、3D投影等现代技术，让历史文物“活”起来 5️⃣ 特展馆（不定期展览） 会举办各种国内外的特展，参观前可以查官网看看当期展览 6️⃣ 非遗馆 主要展示江苏省的非物质文化遗产，如金陵刻经、云锦制作等，有时还有现场表演 📸 推荐拍照点 📍 民国馆街景（复古氛围感满满） 📍 博物院主楼门口（标志性建筑，适合打卡） 📍 历史馆青铜器展区（古朴庄重）,2025-02-16IP属地：江苏,5分 超棒,"
14"
非常值得去，而且可以二刷，三刷。可以考虑去租用VR眼睛导览。,2025-02-13IP属地：浙江,4.6,"
点赞"
中国三大博物院之一并且是唯一一个以城市名字（南京）开头的省级博物馆，在这里你可以看到除了文物古迹之外的民国风，领略近代史的风范,2025-02-11IP属地：陕西,5分 超棒,"
点赞"
今天在南京博物院，真是大开眼界！🤩讲解员们的知识渊博和热情洋溢，让我仿佛穿越回了古代。每一件展品都有故事，每一个故事都让人心潮澎湃。这样的讲解，真是让人欲罢不能！😍如果你也对历史感兴趣，千万别错过哦！#南京博物院 #历史之旅,2025-02-09IP属地：重庆,5分 超棒,"
点赞"
这个套餐不划算 现场拓印才20元一张 我买双人的68*2=136元 一共得了4张 其他什么也没了 工作人员也没有告诉品茶的事项 光拓印现场价格才80元 156-80=56元 相当于多付了56元,2025-02-08IP属地：江苏,5分 超棒,"
点赞"
非常好！小姐姐教得很细心也很有耐心 成品效果也很好,2025-02-08IP属地：江苏,5分 超棒,"
点赞"
‌南京博物院‌，简称“南博”，位于江苏省南京市玄武区中山东路321号，是中国三大博物馆之一。其前身是1933年由蔡元培等倡建的国立中央博物院，是中国创建最早的博物馆，也是中国第一座由国家投资兴建的大型综合类博物馆。‌ 南京博物院占地约13万平方米，建筑风格为仿辽代宫殿式，现为“一院六馆”格局，包括历史馆、特展馆、数字馆、艺术馆、非遗馆和民国馆。馆内设有多个研究部门，如考古研究所、文物保护研究所等，其中文物保护研究所被称为“文物三甲医院”，是中国纸质文物保护的国家文物局重点科研基地。,2025-02-08IP属地：河北,5分 超棒,"
点赞"
南京♥️南京博物院 想了解一座城市，先去逛当地的博物馆‼️ ⭐️古城出土的文物，写照着城市的过去，一件小小的文物，我们观赏的不只是它精致的外观，了解到的更是一个朝代一座城市的文化底蕴。💥 🌟博物院展馆宏伟壮观，分为历史馆、艺术馆、非遗馆、特展馆、 数字馆和民国馆六个模块。数字馆和民国馆是南京博物院两大特色，数字馆让你体验到动态的历史文化，与其互动，勾起对历史的盎然兴趣。,2025-02-04IP属地：未知,3分 不错,"
点赞"
陈导讲的很生动，很专业，了解了很多江苏文化与历史，唯一不好的地方就是旅行社人员联系不上，南屠没有预约上，谢谢陈导,2025-02-04IP属地：江苏,5分 超棒,"
点赞"
"我感到惊讶,因为它比我想象的要大。 我提前预订了,必须出示护照。 有几座建筑物和许多展览厅 我以为只有中文和英文的评论,但是当我问时,我付了钱,因为有韩语评论。 但是并不是所有的解释,只有耳机显示的说明,太大了,看了3个小时半",2025-02-18IP属地：未知,5分 超棒,"
点赞"
🏛 主要展馆推荐 南京博物院由六大展区组成，建议至少安排半天游览，深入了解可以安排一天。 1️⃣ 历史馆（必看！） 展示南京从远古到近代的历史，包括明清时期的珍贵文物 亮点藏品：大报恩寺琉璃塔拱门、南唐金饰、六朝青瓷 2️⃣ 艺术馆 主要展示书画、瓷器、玉器、青铜器等艺术品 亮点藏品：南唐画家周文矩的《重屏会棋图》、顾恺之《洛神赋图》 3️⃣ 民国馆（超有氛围！） 复原了南京民国时期的街景，有银行、茶馆、电影院等场景，还能换民国服装拍照 4️⃣ 数字馆（科技感十足） 采用虚拟现实、3D投影等现代技术，让历史文物“活”起来 5️⃣ 特展馆（不定期展览） 会举办各种国内外的特展，参观前可以查官网看看当期展览 6️⃣ 非遗馆 主要展示江苏省的非物质文化遗产，如金陵刻经、云锦制作等，有时还有现场表演 📸 推荐拍照点 📍 民国馆街景（复古氛围感满满） 📍 博物院主楼门口（标志性建筑，适合打卡） 📍 历史馆青铜器展区（古朴庄重）,2025-02-16IP属地：江苏,5分 超棒,"
14"
非常值得去，而且可以二刷，三刷。可以考虑去租用VR眼睛导览。,2025-02-13IP属地：浙江,5分 超棒,"
点赞"
中国三大博物院之一并且是唯一一个以城市名字（南京）开头的省级博物馆，在这里你可以看到除了文物古迹之外的民国风，领略近代史的风范,2025-02-11IP属地：陕西,4.6,"
点赞"
今天在南京博物院，真是大开眼界！🤩讲解员们的知识渊博和热情洋溢，让我仿佛穿越回了古代。每一件展品都有故事，每一个故事都让人心潮澎湃。这样的讲解，真是让人欲罢不能！😍如果你也对历史感兴趣，千万别错过哦！#南京博物院 #历史之旅,2025-02-09IP属地：重庆,5分 超棒,"
点赞"
这个套餐不划算 现场拓印才20元一张 我买双人的68*2=136元 一共得了4张 其他什么也没了 工作人员也没有告诉品茶的事项 光拓印现场价格才80元 156-80=56元 相当于多付了56元,2025-02-08IP属地：江苏,5分 超棒,"
点赞"
非常好！小姐姐教得很细心也很有耐心 成品效果也很好,2025-02-08IP属地：江苏,5分 超棒,"
点赞"
‌南京博物院‌，简称“南博”，位于江苏省南京市玄武区中山东路321号，是中国三大博物馆之一。其前身是1933年由蔡元培等倡建的国立中央博物院，是中国创建最早的博物馆，也是中国第一座由国家投资兴建的大型综合类博物馆。‌ 南京博物院占地约13万平方米，建筑风格为仿辽代宫殿式，现为“一院六馆”格局，包括历史馆、特展馆、数字馆、艺术馆、非遗馆和民国馆。馆内设有多个研究部门，如考古研究所、文物保护研究所等，其中文物保护研究所被称为“文物三甲医院”，是中国纸质文物保护的国家文物局重点科研基地。,2025-02-08IP属地：河北,5分 超棒,"
点赞"
南京♥️南京博物院 想了解一座城市，先去逛当地的博物馆‼️ ⭐️古城出土的文物，写照着城市的过去，一件小小的文物，我们观赏的不只是它精致的外观，了解到的更是一个朝代一座城市的文化底蕴。💥 🌟博物院展馆宏伟壮观，分为历史馆、艺术馆、非遗馆、特展馆、 数字馆和民国馆六个模块。数字馆和民国馆是南京博物院两大特色，数字馆让你体验到动态的历史文化，与其互动，勾起对历史的盎然兴趣。,2025-02-04IP属地：未知,5分 超棒,"
点赞"
陈导讲的很生动，很专业，了解了很多江苏文化与历史，唯一不好的地方就是旅行社人员联系不上，南屠没有预约上，谢谢陈导,2025-02-04IP属地：江苏,3分 不错,"
点赞"
"我感到惊讶,因为它比我想象的要大。 我提前预订了,必须出示护照。 有几座建筑物和许多展览厅 我以为只有中文和英文的评论,但是当我问时,我付了钱,因为有韩语评论。 但是并不是所有的解释,只有耳机显示的说明,太大了,看了3个小时半",2025-02-18IP属地：未知,5分 超棒,"
点赞"
🏛 主要展馆推荐 南京博物院由六大展区组成，建议至少安排半天游览，深入了解可以安排一天。 1️⃣ 历史馆（必看！） 展示南京从远古到近代的历史，包括明清时期的珍贵文物 亮点藏品：大报恩寺琉璃塔拱门、南唐金饰、六朝青瓷 2️⃣ 艺术馆 主要展示书画、瓷器、玉器、青铜器等艺术品 亮点藏品：南唐画家周文矩的《重屏会棋图》、顾恺之《洛神赋图》 3️⃣ 民国馆（超有氛围！） 复原了南京民国时期的街景，有银行、茶馆、电影院等场景，还能换民国服装拍照 4️⃣ 数字馆（科技感十足） 采用虚拟现实、3D投影等现代技术，让历史文物“活”起来 5️⃣ 特展馆（不定期展览） 会举办各种国内外的特展，参观前可以查官网看看当期展览 6️⃣ 非遗馆 主要展示江苏省的非物质文化遗产，如金陵刻经、云锦制作等，有时还有现场表演 📸 推荐拍照点 📍 民国馆街景（复古氛围感满满） 📍 博物院主楼门口（标志性建筑，适合打卡） 📍 历史馆青铜器展区（古朴庄重）,2025-02-16IP属地：江苏,5分 超棒,"
14"
非常值得去，而且可以二刷，三刷。可以考虑去租用VR眼睛导览。,2025-02-13IP属地：浙江,5分 超棒,"
点赞"
中国三大博物院之一并且是唯一一个以城市名字（南京）开头的省级博物馆，在这里你可以看到除了文物古迹之外的民国风，领略近代史的风范,2025-02-11IP属地：陕西,5分 超棒,"
点赞"
今天在南京博物院，真是大开眼界！🤩讲解员们的知识渊博和热情洋溢，让我仿佛穿越回了古代。每一件展品都有故事，每一个故事都让人心潮澎湃。这样的讲解，真是让人欲罢不能！😍如果你也对历史感兴趣，千万别错过哦！#南京博物院 #历史之旅,2025-02-09IP属地：重庆,4.6,"
点赞"
这个套餐不划算 现场拓印才20元一张 我买双人的68*2=136元 一共得了4张 其他什么也没了 工作人员也没有告诉品茶的事项 光拓印现场价格才80元 156-80=56元 相当于多付了56元,2025-02-08IP属地：江苏,5分 超棒,"
点赞"
非常好！小姐姐教得很细心也很有耐心 成品效果也很好,2025-02-08IP属地：江苏,5分 超棒,"
点赞"
‌南京博物院‌，简称“南博”，位于江苏省南京市玄武区中山东路321号，是中国三大博物馆之一。其前身是1933年由蔡元培等倡建的国立中央博物院，是中国创建最早的博物馆，也是中国第一座由国家投资兴建的大型综合类博物馆。‌ 南京博物院占地约13万平方米，建筑风格为仿辽代宫殿式，现为“一院六馆”格局，包括历史馆、特展馆、数字馆、艺术馆、非遗馆和民国馆。馆内设有多个研究部门，如考古研究所、文物保护研究所等，其中文物保护研究所被称为“文物三甲医院”，是中国纸质文物保护的国家文物局重点科研基地。,2025-02-08IP属地：河北,5分 超棒,"
点赞"
南京♥️南京博物院 想了解一座城市，先去逛当地的博物馆‼️ ⭐️古城出土的文物，写照着城市的过去，一件小小的文物，我们观赏的不只是它精致的外观，了解到的更是一个朝代一座城市的文化底蕴。💥 🌟博物院展馆宏伟壮观，分为历史馆、艺术馆、非遗馆、特展馆、 数字馆和民国馆六个模块。数字馆和民国馆是南京博物院两大特色，数字馆让你体验到动态的历史文化，与其互动，勾起对历史的盎然兴趣。,2025-02-04IP属地：未知,5分 超棒,"
点赞"
陈导讲的很生动，很专业，了解了很多江苏文化与历史，唯一不好的地方就是旅行社人员联系不上，南屠没有预约上，谢谢陈导,2025-02-04IP属地：江苏,5分 超棒,"
点赞"
景区非常好，春节期间人真是太多了。建议游玩2-3个小时左右，很值得推荐的景区。大清早起来游玩体验感很好，工作人员服务态度也很好。非常值得来。,2025-02-04IP属地：辽宁,3分 不错,"
点赞"
南京博物院，打开了一个个历史光影故事，通过展示朝代的更替和时光的流转，诠释了南京乃至中国的历史文脉。 南京博物院是中国最早的大型综合性博物馆之一，其丰富的藏品涵盖了各个历史时期的文物，从古代到近现代，无所不包。这些文物不仅展示了中国悠久的历史和灿烂的文化，还反映了不同朝代的社会制度、经济发展、文化艺术等方面的变迁。 通过参观南京博物院，人们可以深入了解南京作为六朝古都、十朝都会的历史地位，以及其在中华文明发展进程中的重要贡献。同时，南京博物院还通过举办各种临时展览和文化活动，不断丰富和完善其展示内容，为公众提供了更多了解历史和文化的机会。南京博物院是一座承载着丰富历史光影故事的宝库，它以其独特的魅力和深厚的文化底蕴，吸引着越来越多的游客前来参观和学习。,2025-02-03IP属地：江苏,5分 超棒,"
8"
今天下午去的，人巨巨巨巨巨巨多，每个展区都挤的水泄不通，不紧跟着导游很快就会落伍走丢那种。南博作为中国第三大博物院，藏品真的是精美绝伦。都是稀世珍品。除了人多以外别的都很好，总之不虚此行。,2025-01-30IP属地：江苏,5分 超棒,"
点赞"
富丽堂皇，藏品丰富，可以学习到很多知识,2025-01-25IP属地：云南,5分 超棒,"
点赞"
不是，你好歹开个换气啊，进去后缺氧懂吗？,2025-01-20IP属地：江苏,5分 超棒,"
点赞"
南京博物院真的值得一去！展品丰富多样，从古代文物到现代艺术品都有。民国馆特别有感觉，像穿越到了那个时代。数字馆也很酷，互动体验很棒。就是人多时要排队，建议提前预约。但总体来说，是个涨知识的好地方，推荐！,2025-01-19IP属地：江苏,4.6,"
点赞"
服务好,2025-01-19IP属地：未知,5分 超棒,"
点赞"
南京博物院被誉为中国三大博物院之一，与北京故宫博物院、台北故宫博物院齐名。南博拥有各类藏品 43 万余件（套），珍贵文物 37 万余件（套），珍贵文物数量仅次于北京故宫博物院，居中国第二。 不好预约，但是非常值得去！,2025-01-11IP属地：广东,5分 超棒,"
点赞"
豇豆红釉锥刻团螭纹太白尊，现藏于南京博物院。它短颈溜肩，鼓腹呈半球形，表面刻有团螭纹。器身釉色红润有光泽，官方称其为“豇豆红”，又被称为“娃娃脸”“桃花片”，属高温铜红釉的一种。它常被误认为是“倒扣的碗”，其实是古人用来贮存砚水的容器。,2025-01-08IP属地：安徽,3分 不错,"
点赞"
南京冬日游玩季‼️ 📍侵华日军南京大屠杀遇难同胞纪念馆 这里不只是冰冷的历史，更是无数生命的呐喊💔走进这里，仿佛能听到历史的回声🔊让我们铭记过去，珍惜当下，勿忘国耻🚫 📍中山陵🌳 南京的象征，仿佛是历史的见证者。漫步在绿树成荫的山坡上，仿佛能听见历史的回声🕊 📍南京博物院🏛 南京博物院，拥有丰富的文物藏品，带你穿越千年的时光。在这里，你能感受到中华文化的博大精深。 📍明孝陵🏯 作为中国现存规模最大、保存最为完整的明朝帝王陵寝🏮它不仅展示了宏伟的建筑艺术，更是历史文化的瑰宝🌿在这里，你可以感受到古代皇家的尊贵与庄严👑 📍音乐台，位于南京市紫金山南麓，这里曾是明孝陵的祭乐场所，如今已成为一个集自然风光和人文景观于一体的休闲胜地。在这里，你可以聆听古筝悠扬，感受中国传统音乐的韵味🎶 📍夫子庙秦淮风光带🍃 灯火辉煌，古街老巷，品味江南水乡风情，夜游秦淮，别有一番风味！🌇 📍大报恩寺遗址公园 曾经是南京最著名的寺庙之一，现在的遗址公园展现了寺庙的辉煌历史，是了解佛教文化的好地方🕌 📍南京美食探店🍲 南京小吃，种类繁多，让人垂涎欲滴🤤 盐水鸭🦆：南京的招牌美食，肉质鲜嫩，香气扑鼻，绝对不能错过！ 鸭血粉丝汤🍲：汤汁浓郁，鸭血滑嫩，粉丝入味，一口下去，暖意十足！ 小笼包🥟：皮薄馅多，汤汁鲜美，咬一口满口留香，让人回味无穷！ 这些景点不仅能够让你感受到南京的历史底蕴，还能体验到现代都市的活力。在南京，每一处都有故事，每一处都值得细细品味📜,2025-01-08IP属地：河南,5分 超棒,"
点赞"
不及北京故宫1/10，不及台湾博物馆1/6， 不及陕西博物馆1/4，洛阳博物馆1/3，网上的排名水分很大。大门很大气，但珍品除了金缕玉衣和大金印，很多都没摆出来，很多馆也都闭馆，管理很差很差。展出馆虽很大，有很多馆，要走很长很长的路，但趣味藏品稀少，文字介绍也少，性价比太低了。六朝古都的展品都没有鸭子出名，路边街道店铺，饭店牌坊充满了趣味：《南京鸭王》、《南京六朝鸭业》、《应天大明王朝南京菜》...和市井的老门东，梧桐大道等景点对比之下，南京博物院仅徒有虚名罢了。不建议浪费时间在这里。,2025-01-03IP属地：未知,2分 一般,"
点赞"
难得来南京博物馆，里边展品太多了，地方很大，讲解非常生动，去博物馆必须请讲解，值得，小朋友们听得津津有味，大人轻松也涨知识了，谢谢,2024-12-30IP属地：上海,5分 超棒,"
点赞"
来南京游一游南京博物院|||来南京，一定要去南京博物院逛一逛。南京博物院是免票的，不过要提前在网上预约。上午十点钟左右过来，在正馆门口排队进入。这时候的人不算多，排了五六分钟左右便可以进去了。首先看了镇店之宝金镂玉衣。这件文物在南京博物院历史馆的三号馆里展出。整件玉衣是由两千六百多块玉片加上合约八百克的金丝制成的，工艺真的很精美。还有青铜器展也挺好看的，里面的物件造型都很别致。其中的错银铜牛灯也是南京博物院的镇院之宝之一。大报恩寺的琉璃塔门很华丽，上面琉璃制成的佛像和各种动物的造型都很逼真。游完了历史馆可以去艺术馆那里逛一逛。两座馆是相通的，艺术馆那里有好多名画家的画展，地下一负一层还有个民国展，其实就是模仿民国时期的建筑和店铺做的模拟馆，可以在里面吃饭，喝茶，购买物件。环境很复古，照相打卡挺不错的。,2024-12-27IP属地：安徽,5分 超棒,"
点赞"
南京博物院是中国三大博物馆之一，南博始于民国1933年，是中国创建最早的博物馆、中国第一座由国家投资兴建的大型综合类博物馆。它是国家AAAA级旅游景区。南博有“一院六馆”的格局，即历史馆、特展馆、数字馆、艺术馆、非遗馆、民国馆。馆内收藏40多万件/套，珍贵文物20多万件/套，珍贵文物仅次于故宫博物院。有幸参观南博，可以穿越远古的文明到现实，让心灵得到净化。对了，参观之前别忘了提前预约哦。开放时间为周二至周日，9:00～18:00（17:30停止入场）。,2024-12-27IP属地：广东,5分 超棒,"
2"
提前预约免费门票 入馆参观 大开眼界 感叹祖先的智慧与伟大,2024-12-19IP属地：江苏,4分 满意,"
点赞"
南京博物院需要提前预约抢票，热门到外国人也穿飞鱼服参观了。馆藏对比河南山西，比较精致，值得来参观。,2024-12-19IP属地：河南,5分 超棒,"
点赞"
🏛️【傅抱石艺术馆印象】 南京博物馆傅抱石艺术馆，位于南京博物馆内，专门展示傅抱石的绘画作品。这里不仅是艺术爱好者的圣地，也是了解傅抱石艺术成就的重要场所。 🖼️【傅抱石作品展览】 傅抱石艺术馆的展览集中展示了傅抱石的国画作品，包括人物、山水、花鸟等多种题材。每一件作品都展现了傅抱石深厚的艺术功底和独特的艺术风格。 🎨【艺术赏析】 在展览中，我被傅抱石的作品深深吸引。他的画作既有传统国画的韵味，又有现代艺术的创新，尤其是他的山水画，气势磅礴，意境深远。 📸【拍照打卡】 艺术馆内的一些特色展览和画作是拍照打卡的绝佳背景。我在这些充满艺术气息的场景前留下了许多美好的回忆。 🍵【当地美食】 参观完展览后，我去品尝了南京的特色小吃，如盐水鸭、小笼包等，每一口都是对南京风味的深入体验。 📝【攻略建议】 • 提前查看南京博物馆傅抱石艺术馆的开放时间和展览信息，以免错过。 • 穿着舒适的鞋子，因为艺术馆面积较大，需要步行参观。 • 租借讲解器或下载官方APP，让参观更有深度。 • 注意保护展品，不要触摸画作，遵守艺术馆的规定。 • 如果时间允许，可以安排在艺术馆内多停留一会儿，因为展览内容丰富，值得细细品味。,2024-12-16IP属地：安徽,4.6,"
点赞"
来参观南京博物院，本次还是挺开心的，之前从网上搜了，都说游客中心能盖章，特地去了，问了下，结果工作人员斜眼看了我一下，冷冷说了句，“没有”，哈哈，直接好心情都没有了（快下班了，游客中心就两三个游客人，根本不忙），呵呵🙃，对整座城市的印象都下降了一个档次。,2024-12-15IP属地：江苏,2分 一般,"
点赞"
南京博物院藏品丰富，历史文化底蕴深厚。 有许多珍贵的文物和艺术品，让人叹为观止。 馆内的建筑也很有特色。 总的来说，这是一个非常值得一去的博物馆。,2024-12-13IP属地：江苏,5分 超棒,"
点赞"
预约免门票，大厅还有讲解设备，扫码就能了解每件文物的历史。对于不报团的游客太友好了,2024-12-12IP属地：福建,5分 超棒,"
2"
南京博物院是和北京博物院齐名的，可想而知地位之高，历史之厚重！,2024-12-10IP属地：浙江,5分 超棒,"
1"
带孩子去南京三日游玩，自己预约南京博物馆没约上，后来在携程定了这个预约加讲解套餐，导游讲解仔细，从古至今，历史由来，孩子听的津津有味，下次出游还会选择携程服务,2024-12-10IP属地：江苏,5分 超棒,"
点赞"
南京博物院的镇馆之宝一次看不起，他们也要出差 南京博物院分为6个馆：历史馆，特展馆，数学字馆，艺术馆，非遗馆，民国馆 喜欢打卡拍照可以去民国馆，一秒穿越十里洋场的民国，体念民国风清 数字馆带你体念科技飞速发展的变迁,2024-12-09IP属地：江苏,5分 超棒,"
9"
南京博物院，我们走了很多弯路，总结出来了，玩的开心！！！建议预留四小时以上，要不真的走马观花！！如果要盖章建议五小时！！,2024-12-08IP属地：吉林,4分 满意,"
1"
南京博物院还是值得一看的 一圈下来发现还是逛博物馆最耗体力 所幸娃没有跟来 下次再来捡树叶吧 各种艺术产品见证历史更是见证古代匠人精神。,2024-12-01IP属地：上海,1分 不佳,"
点赞"
馆藏很丰富 要提前预约才能进去,2024-11-29IP属地：上海,5分 超棒,"
点赞"
很有名的博物院 需要提前预约 不然进不去,2024-11-29IP属地：上海,5分 超棒,"
点赞"
博物院是来南京玩一定要来的地方，这里是被称为中国四大博物院，只一，整个的展品非常的丰富。不仅能看到很多明清时期的文物，而且民国时期的文物也保存的很好，整个博物院本身的建筑也非常的仿古逛逛非常有意思，差不多要花三个小时。,2024-11-24IP属地：上海,4.6,"
点赞"
采用“一院六馆”格局，历史馆展示江苏地区历史文化，特展馆常办临时展览，数字馆利用现代技术让观众互动体验，艺术馆展示书画、雕塑等艺术珍品，非遗馆呈现江苏省非物质文化遗产，民国馆则重现民国风情 。,2024-11-24IP属地：江苏,5分 超棒,"
14"
一生必去一次的博物院！ 南京博物院，一个超级超级难预约的地方终于终于专门请了一天假带着爸妈一起去看的，它不叫南京博物馆！它叫南京博物院！很久之前南京的故宫遗址遗留下来改建的一部分，占地面积超级大，分为地面三层地下三层的展览厅，有好几个馆忘记拍照了但进去指示牌很清楚的，南京博物院有18件镇院之宝，如果有福气都可以一一参观到的。✅建议：既然很难来一趟最好可以找个导游讲解员，因为毕竟我们都不是学历史的，还是要好好听听导游的精辟演讲，这样才不虚此行，整个博物院认真的逛完最少要3-4个小时，粗逛也要2个小时吧，所以可以带点吃的有专门可以休息的区域，切记不要在展览馆内觅食哦，一不文明，二不尊重，三人太多根本吃不到嘴里就被挤掉了！🏬博物院的楼上楼下都有很多卖文创的地方，货源很充足不用去抢，拿了东西排好队付款就行。也有专门打卡盖章的地方，院里真是给大家都安排的妥妥滴。文创“小粉炉”是我的最爱，由于文物也是轮着展示的，这次去没有看到实物。🍱南京博物院估计最不方便的地方就是吃饭了，也许是为了保护文物和爱护环境，博物院内没有可以吃饭的地方，这里是指那种炒菜米饭，汤汤水水的饭菜，不过博物院离新街口也不是很远，打车、坐地铁去新街口都很方便。📍新街口是美食的天堂，也是商业中心，南京的市区坐标！,2024-11-23IP属地：安徽,5分 超棒,"
1"
除了废腿没毛病，里面文物太多了。看不过来，只能下次接着来。,2024-11-23IP属地：北京,5分 超棒,"
点赞"
南京博物院不愧为国内三大博物院之一，馆藏品丰富，据说镇馆之宝不会一起全都展出，想看全还待下次 民国馆适合拍照打卡种草，一进去慌然感觉穿越时空 数学馆里互动游戏，让你体验人类智慧结晶 如果想细细品味感觉要一天的时间，4个小时逛下来有点意犹未尽,2024-11-23IP属地：江苏,5分 超棒,"
10"
"南京市博物馆位于南京市秦淮区，是一座综合性历史艺术类博物馆，是南京市市立博物馆，国家重点博物馆之一，是江苏省、南京市爱国主义教育基地。她的前身是建国初期成立的南京市文物保管委员会，1978年南京市博物馆正式挂牌。南京市博物馆担负着南京地区的地下遗址和古墓葬的考古发掘调查，文物的保护、藏品的征集与保管，以丰富的文物、文献资料及研究成果为基础，展示南京在中国各个历史发展阶段的发展的轨迹，重点展示南京古都历史文化的成就。 南京市博物馆所处的朝天宫是江南地区建筑等级最高，面积最大，保存最完整的古建筑群。朝天宫之名，系明洪武十七年（1385）太祖朱元璋下诏亲赐，取""朝拜上天""之意。现存建筑为清同治五年（1866）重建，占地面积约四万平方米。",2024-11-21IP属地：河南,5分 超棒,"
点赞"
南京博物院建筑美观大方、典雅与现代完美融合，非常不错。内里展品确实不少但重量级收藏少见。有点失望，特别是管理太差，是曾经去过的海内外几十家展馆体验最不好的，非常遗憾。尤其卫生间保洁员随意关闭内置设施以致大排长龙半小时多，无语😓,2024-11-20IP属地：上海,5分 超棒,"
点赞"
历史底蕴深厚 其前身为1933年蔡元培倡建的国立中央博物院筹备处，见证了中国博物馆事业的发展与近现代文化的变迁，是中国博物馆发展历程的重要参与者. 文物收藏丰富 馆藏各类文物43万余件(套)，涵盖史前至当代的诸多品类，如新石器时代“玉串饰”、东汉“错银铜牛灯”等国宝级文物，数量居中国第二，为研究中国历史文化提供了丰富实物资料. 艺术价值极高 所藏书画、雕刻等艺术品代表着中国顶尖艺术水平，展现了传统艺术魅力，是世界艺术宝库重要组成部分，如“竹林七贤与荣启期”模印砖画等. 教育意义重大 通过展览、讲座等形式普及历史文化知识，是民众学习感受文化的重要平台，还开展社教活动，将教育资源融入社会各界，增强了文化传承的社会基础. 科研实力强劲 作为重要科研基地，拥有专业团队，开展文物保护、修复、研究等工作，其文物保护研究所是纸质文物保护国家文物局重点科研基地，推动了文化遗产保护传承. 文化交流活跃 通过举办国内外展览和交流活动，传播中国优秀文化，吸收借鉴外国文化，促进了文化多元发展，提升了中华文化的国际影响力. 社会价值显著 作为公共文化服务设施和南京文化地标，提升了城市文化品位，推动了文化产业发展，丰富了公众文化生活，增强了公众的文化认同感和民族自豪感. 建筑风格独特 建筑融合传统与现代风格，主殿仿辽代宫殿式建筑，“一院六馆”中的民国馆复原民国街景，让游客有穿越之感，体现了建筑艺术之美.,2024-11-18IP属地：山东,5分 超棒,"
8"
非常值得去一看，先去历史馆，然后去看镇馆之宝，最后推荐大家一定要去民国馆，其实就是一条商品街，但与当年的日常结合起来，也算是博物馆一个很好的创意，现场历史感满满，到处都是拍照的美女。,2024-11-17IP属地：上海,5分 超棒,"
点赞"
按理说作为六朝古都的南京，博物院应该是非常棒的，但是从预约到参观，心内五味杂陈！首先，预约平台的介绍不精彩，不仔细，非常陈旧。再一个此处的交通太差，必须用太差来形容！！！而服务人员态度冷漠，全程无笑容，展馆空气污浊，嘈杂无序，引导牌不清晰，无人管理。总之，这次参观给我留下的印象远比期望的差太多了,2024-11-15IP属地：江苏,5分 超棒,"
1"
超级棒的博物院，不亏是排名前列的，馆藏丰富，布展合理，虽然人很多，但是观赏起来很舒服！,2024-11-13IP属地：上海,5分 超棒,"
点赞"
值得推荐，导游讲解细心周到，很负责任。出来的时候还带我们到地铁站口，非常的有耐心,2024-11-13IP属地：广东,4.6,"
点赞"
挺好，推荐！值得一走,2024-11-10IP属地：越南,5分 超棒,"
点赞"
南京，这座有着深厚底蕴的城市，自孙权建立吴国起，便开启了作为六朝古都的辉煌篇章，历史文化源远流长，宛如一幅徐徐展开的千年画卷。 在此基础上发展起来的南京博物院，藏品数量之多、种类之丰富，令人赞叹不已。 然而，令人稍感遗憾的是，这座曾经的“国博”，在规模上和北京的国家博物馆相比，还是有着不小的差距。,2024-11-09IP属地：江苏,5分 超棒,"
点赞"
- 历代雕塑陈列：南京博物院收藏历代雕塑作品数量可观，该展厅集中展示这些闪耀着东方文明与智慧的艺术品。 - 吴为山雕塑馆：吴为山是中国当代杰出雕塑家，2000年南京博物院设立此馆，集中展示其雕塑作品。,2024-11-09IP属地：江苏,5分 超棒,"
点赞"
非遗馆 主要展出刻板、剪纸、金箔、花灯等民间手工艺。 - 特色活动：能在此欣赏昆曲、白局、评弹等表演，小剧场会播放免费的 3D 影片，双休日与节假日晚上若有传统曲艺表演也会对外开放，但需要买票观看。,2024-11-09IP属地：江苏,2分 一般,"
点赞"
数字馆，利用现代科技手段展示历史文化，通过数字技术将古代题材以新颖的形式呈现给观众。 - 展示内容：有动画《南都繁绘景物图卷》等展品，并且设置了很多互动游戏，观众可以通过触摸屏幕参与古代背景的游戏，增加参观的趣味性和互动性。,2024-11-09IP属地：江苏,5分 超棒,"
点赞"
- “陈设清宫——南京博物院藏清代宫廷文物展”：从清宫礼制、信仰、生活、赏玩、陈设等各个层面呈现清代宫廷生活的多彩画面，展示清代帝王对艺术品的偏爱和审美取向。 - “盛世华彩”：展品为流传有序的院藏官窑瓷，展现清三代官窑瓷的风格。,2024-11-09IP属地：江苏,5分 超棒,"
点赞"
历史馆：是“一院六馆”的核心，为常设展览，呈现江苏地区古代文明的发展历程，从数十万年前的旧石器时代一直到明清时期。 1展厅“远古印象”：主要展示远古时期江苏大地原始人类的生存遗迹。 - 2展厅“史前神韵吴越春秋”：能看到良渚文化时期的江豚形陶壶、大汶口文化时期的镂空红陶器、彩陶器座等文物。 - 3展厅“郡国华章汉家故里”：东汉银缕玉衣、“广陵王玺”金印、西汉铜缸灯、东汉熏香炉等是主要看点。 - 4展厅“六朝迭兴隋唐华彩”：有竹林七贤与荣启期砖画、西晋青釉瓷神兽尊、唐三彩双鱼瓶、唐菱花鸳鸯铜镜等文物。 - 5展厅“江淮多姿宋元气象”：宋影青印花瓷枕、宋白地赭色菱形花瓷长枕、宋青釉多嘴带盖瓷壶等是该展厅的特色展品。 - 6展厅“盛世江南明清辉煌”：展示了永乐的青花云龙纹扁瓶、明洪武景德镇窑釉里红寿石花卉纹大瓷盘等文物,2024-11-09IP属地：江苏,3分 不错,"
点赞"
民国馆内:街道布局宛如一幅生动的历史画卷，邮局、火车站、理发店、中药铺、书店、银楼等实体店铺一应俱全，这些店铺不是摆设，都正常营业。店铺的招牌、店内的陈设等都按照民国风格进行布置，置身其中仿佛真的穿越到了民国时代。,2024-11-09IP属地：江苏,5分 超棒,"
点赞"
民国馆仿民国欧式建筑街景映入眼帘，红砖墙、坡屋顶、雕花窗等每一处细节都流露出那个时代的韵味，天空、道路、街灯及附属设施等通过先进的声、光、电技术模拟再现，营造出真实而深沉的历史氛围。,2024-11-09IP属地：江苏,5分 超棒,"
点赞"
超适合带娃的家庭，需要提前预约门票，一般周一闭馆，内有很多展区:民国馆，非遗馆，历史馆……最让我震撼的是民国馆，建议安排1-2小时参观民国馆。因为这里不仅有丰富的展品可以欣赏，还有各种互动体验项目可以参与，如果想要仔细感受民国风情，需要预留充足的时间。,2024-11-09IP属地：江苏,5分 超棒,"
点赞"
- 艺术馆：主要展示绘画、书法、雕塑等艺术作品，能让人感受到不同艺术形式的魅力，但有时可能会因特殊情况不开放。 - 非遗馆：展示非遗工艺品，不在馆内，而是在出口处。如果参观完想再回头参观其他展馆，需要重新安检刷身份证。,2024-11-09IP属地：江苏,4.6,"
点赞"
- 数字馆：有很多互动体验项目，适合小朋友或者对科技感兴趣的游客，能让观众更生动地了解历史文化。 - 民国馆：是老南京城市文化的一个缩影，以实物与场景相结合的陈列模式，还原了民国时期的街道、店铺等场景，非常适合拍照。馆内的老茶馆下午2点到4点有非遗表演，如京剧、昆曲、白局等（以节目单为准），如果想看表演需要提前占座。,2024-11-09IP属地：江苏,5分 超棒,"
点赞"
- 历史馆：这是南京博物院的核心展馆之一，常设“江苏古代文明展”，有大量珍贵文物，如人鸟兽玉饰、神人兽面纹琮、广陵王玺、金缕玉衣、错银铜牛灯、竹林七贤砖画等。可以从左侧艺术馆进入，避开历史馆进口的人流。 - 特展馆：镇馆之宝一般在此展馆，如西汉金兽等，但文物可能会因展览安排有所变动。特展馆的展品通常具有较高的历史和艺术价值，值得仔细欣赏。,2024-11-09IP属地：江苏,5分 超棒,"
点赞"
很值得推荐。 国庆节去的，没有预约到门票 后来在携程上订的，也是出行前一天出票。 约了个晚上。 最后很圆满结束。,2024-11-06IP属地：湖南,5分 超棒,"
点赞"
南京博物院极具价值。历史底蕴深厚，见证博物馆事业发展。藏品43万余件（套），种类多、珍品众。展览丰富，建筑独特，布局合理。教育功能突出，服务周到，是了解历史文化的好去处。,2024-11-05IP属地：河南,5分 超棒,"
点赞"
很值得去的博物院，趣味性很强，很震撼的视觉享受。,2024-11-04IP属地：江苏,5分 超棒,"
点赞"
南京博物院是中国三大博物院之一，是我一直梦寐以求的参观地，虽然要提前预约，但是参观南博可是我一直以来的心愿，南博本身就是艺术品，里面的展品可以和故宫博物院媲美，超多的展品让你觉得目不暇接，性价比很高的博物院，是每个来南京的人的必逛之处！在南博18件镇馆之宝都可以让你耳目一新，特别是镇馆之宝之首一金兽，真的是太棒棒哒！,2024-11-03IP属地：云南,5分 超棒,"
点赞"
当然可以，来点轻松的：刚从南京博物馆回来，真是大开眼界！这里就像个宝藏，古玩字画样样都有，看得我眼花缭乱。特别喜欢那些精致的瓷器和玉器，美得让人挪不开眼。逛累了还能在庭院里歇歇脚，感受下历史的沉淀。推荐给喜欢历史文化的朋友们，绝对值得一去！,2024-10-31IP属地：广西,5分 超棒,"
1"
南京博物院是中国三大博物馆之一，馆藏丰富，特色鲜明。它由历史馆、艺术馆、特展馆等组成，涵盖从旧石器时代到现代的各类文物。民国馆以民国风情街景著称，数字馆提供互动体验。免费开放，服务周到，是了解江苏乃至中国历史文化的绝佳去处。,2024-10-30IP属地：安徽,5分 超棒,"
点赞"
很值得去的地方，中华文明的缩写体现的淋漓尽致,2024-10-27IP属地：江苏,5分 超棒,"
点赞"
超赞 里面有很多宝贝 到底是称为博物院的地方 比博物馆东西多多了,2024-10-27IP属地：上海,5分 超棒,"
点赞"
南博真的值得去一趟，毕竟43万件的馆藏数量在中国可是三大博物院啊,2024-10-23IP属地：江苏,4.6,"
点赞"
没有看到金蝉玉叶……就见着了金兽，草率了,2024-10-19IP属地：江苏,5分 超棒,"
点赞"
十一以过人依然是如此之多！我们也去凑个热闹！,2024-10-19IP属地：江苏,5分 超棒,"
点赞"
小粉壶最近去盐城出差了，但其他展鹏进本都在，像金缕玉衣、广陵王印还有金兽都还在呢,2024-10-17IP属地：山东,5分 超棒,"
点赞"
遛娃好地方。文物丰富的，环境一流。还有风情民国街很惊喜。,2024-10-17IP属地：辽宁,4分 满意,"
点赞"
3号厅和通往民国馆的隧道比较印象深刻,2024-10-16IP属地：安徽,5分 超棒,"
点赞"
体验极差，门口指引说去服务大厅办理门票，去了工作人员说直接刷身份证入园，又走回去，即使是工作日人也多的要命，不敢相想象节假日将会有多拥挤，排队进入等了半天，里面不通风，非常闷热没有空调，电梯根本进不进去，也没有扶梯，美术馆有一大半的展厅都在维护，也不知道每周一例行维护都维护了什么，只能看见其他游客的头，也不知道为什么不限制下每日出票数量，控制下场内游客密度，还有很多小孩在馆内哭闹，总而言之，很吵，很挤，很闷，很热，让我印象最深的展品就是其他游客的头,2024-10-12IP属地：江苏,5分 超棒,"
1"
南京博物院是新贵打卡地。大气宏伟，馆藏文物丰富。遛娃和提升自己的好地方。馆内设有民国建筑群，里面装民国一条街真实还原历史，还有茶社评弹演绎，即展示了历史也弘扬了传统文化。,2024-10-11IP属地：江苏,5分 超棒,"
点赞"
一如既往的好,2024-10-10IP属地：广东,5分 超棒,"
点赞"
展品很多，号称一院六馆十八件镇院之宝。但很多镇馆之宝没有拿出来展出，基本上十八件能看到三分之一就不错了。历史馆很大，展品很多；特展馆不是全部都开放，有部分展厅在维护；艺术馆基本上都是临时展览，能看到什么凭运气；民国馆就是个打卡拍照的地方，数字馆最小，适合5～6岁的小朋友。总体上在省一级的博物馆里算是很有特色的了。,2024-10-08IP属地：广东,5分 超棒,"
点赞"
南京博物院是国内数一数二的博物院，能与故宫齐名，展品丰富令人眼花缭乱，请一位讲解员是必须的，听听每一个展品背后的故事，感受中华文化的博大精深,2024-10-08IP属地：北京,5分 超棒,"
点赞"
南京博物院，提前一周19:00开票预约，参观体验：值得一来！时间可以安排在5小时以上。个人更喜欢特展馆，里面文物精美珍贵，颇有特色！历史馆中文物众多，因此次时间关系，匆匆游览艺术馆，没看到全貌；时间充裕的话，仔细看文物后，可去民国馆喝茶看戏，换装拍照，也会有一番独特收获；逛逛馆内的文创店，去特展馆五楼喝喝咖啡，也实在不错！,2024-10-04IP属地：江苏,4.6,"
点赞"
讲解很到位，服务很全面。,2024-10-04IP属地：浙江,5分 超棒,"
点赞"
非常值得推荐，每个场馆身入其境感受不同时期历史的中国，感叹古人的智慧。,2024-10-02IP属地：江苏,5分 超棒,"
点赞"
讲解不行，口头语多，不熟练而且过于生硬死板，这个团队的讲解水平拉低了南博的水平,2024-09-28IP属地：江苏,5分 超棒,"
点赞"
非常非常专业的解说！知识渊博 非常好！！目前遇到最好的导游！,2024-09-27IP属地：江苏,5分 超棒,"
点赞"
逛一天，导游很卖力，讲的也很细，但是博物院人实在是太多太多。所有的导游讲解都在讲，嗡嗡嗡嗡嗡嗡嗡……民国馆很有味道，有个老茶馆可以喝茶看戏京剧和昆曲，我看的是三岔口，武戏。,2024-09-25IP属地：山东,5分 超棒,"
点赞"
导游讲的很详细，2个半小时高节奏讲解，知识点满满，国家高级导游王炘,2024-09-21IP属地：江苏,4分 满意,"
点赞"
非常满意的一次讲解，蔡导游学识渊博，讲的很生动，全程热情讲解，觉得非常值得。下次有机会还想找他带领我们一家！,2024-09-19IP属地：辽宁,2分 一般,"
点赞"
不要选，白白浪费钱，在携程这么多年，第一次给差评 没想过携程会安排有这么差讲解员 带着孩子想的是省心点 找讲解还可以多了解一点文物历史 没有任何专业度 不知道找的是什么讲解员 没有任何工作的职责 2个小时真真不如自己逛逛,2024-09-18IP属地：辽宁,5分 超棒,"
点赞"
讲的还不错，假日人超多,2024-09-17IP属地：上海,5分 超棒,"
点赞"
这次的导游是我逛博物馆遇到的最好的导游，知识渊博，还很贴心的照顾小朋友们，给小朋友讲解的很细致。,2024-09-17IP属地：江苏,5分 超棒,"
点赞"
很有特色的博物馆,2024-09-17IP属地：江苏,4.6,"
点赞"
离集合半小时才联系上这种极限操作是从来没碰到过😅携程上订完没有任何反馈，贴了订单上那个编码在软件客服那里啥都没问出来，到了晚上反应过来携程上给的一串编码是电话，这是和客户打暗号是吧？打电话约门票后也不反馈约没约上，终于在第二天九点半终于联系上导游了，还让我快点去？！要不是我在订单只言片语中看到十点集合提前准备出门并且离得还不是特别远，岂不是要赶不上了？,2024-09-16IP属地：上海,5分 超棒,"
点赞"
刘导讲解的非常细致清楚及有趣，无奈时间短了点，导游会在前一天电话或微信联系时间地点。南博实在太大了，人也多，好好逛的话要预留一天的时间哦。,2024-09-16IP属地：江苏,5分 超棒,"
点赞"
没在公众号预约到，就在这里预定了讲解。这里团体票入院没排队，一开始人流量还行，但毕竟是小长假第二天，台风又导致室外全关闭了。一个小时后人就太多了。 王导游讲得非常精彩，学习到很多历史文化政治知识。看来以后逛博物馆真的要请有底蕴又严谨博学的导游。,2024-09-16IP属地：江苏,5分 超棒,"
1"
导游提前联系告知注意事项，每个展馆都讲解的很细致，非常满意。但是博物馆人真的太多了，缺乏有序管理。,2024-09-16IP属地：江苏,5分 超棒,"
点赞"
老师讲解非常专业，很有耐心，孩子听的很认真,2024-09-16IP属地：江苏,3分 不错,"
点赞"
讲解非常好,2024-09-15IP属地：江苏,5分 超棒,"
点赞"
唐导讲解很精彩，人很耐心，极力推荐,2024-09-15IP属地：山东,3分 不错,"
点赞"
非常好的一次体验,2024-09-12IP属地：江苏,5分 超棒,"
点赞"
刘老师讲解的非常详细，很专业，了解每件珍宝的前世今生，对小朋友很有耐心，超二个小时的讲解涵盖精华，一家人收获满满，体验感非常好。,2024-09-12IP属地：江苏,5分 超棒,"
点赞"
时间推迟 体验过极差,2024-09-10IP属地：江苏,1分 不佳,"
点赞"
值得一去再去，假期人太多了，需要一个人静静的欣赏这些宝藏。不好预约。,2024-09-10IP属地：广东,4.6,"
点赞"
讲解很详细。,2024-09-08IP属地：江苏,5分 超棒,"
点赞"
导游很热情 解说也很细致,2024-09-07IP属地：上海,5分 超棒,"
点赞"
"珍宝之殿南京博物院，琳琅满架的藏品尽显历史的厚重与细腻。这次有幸遇到了历史知识丰富的讲解员～李姐李姐在博物馆里真是个宝藏级人物啊!她关于历史的见解超级独到👍,每次听她说都感觉自己长了不少见识呢~必须赞一个！",2024-09-07IP属地：上海,5分 超棒,"
点赞"
解说详细具体有耐心，文物很有历史价值，收获颇丰，下次还会再来。@南京博物院,2024-09-06IP属地：江苏,3分 不错,"
点赞"
张老师对历史很了解，讲解很清晰，不听讲解真的白看,2024-09-06IP属地：江苏,5分 超棒,"
点赞"
讲解很专业,2024-09-06IP属地：江苏,5分 超棒,"
点赞"
非常感谢聆听飞哥的南博讲解，讲解很详细很棒，过程中还会不时打开手机相册拓展讲解知识，很好，推荐！！！ 附两张喜欢的文物展品,2024-09-04IP属地：江苏,5分 超棒,"
点赞"
讲解专业，有耐心。,2024-09-03IP属地：江苏,5分 超棒,"
点赞"
时导讲解很细致，非常满意,2024-09-03IP属地：江苏,5分 超棒,"
点赞"
现在博物院都很热门，很难预约到票，临时决定出行，没时间抢票，预约个讲解，能进去观赏，还能提高游览效率，体验感很好。适合临时决定出游的人。,2024-08-13IP属地：江苏,5分 超棒,"
点赞"
自己抢票根本就抢不到，只有在携程上买团体票。南京博物院作为三大博物院之一，火爆程度可想而知。能够买到票也算不错。因为时间和导游节奏安排等原因，没有跟着一起走就相当于代买了个门票进去。。,2024-08-11IP属地：四川,4.6,"
1"
南京博物馆非常好、讲解员很厉害，知识渊博，藏品丰富，历史悠久，里面的美食也和不错，如好还有机会，一定要再来一次，好好玩几天,2024-08-09IP属地：浙江,5分 超棒,"
点赞"
南京博物院不愧是院子头的大博物馆，藏品丰富历史性强，下次还要过来看,2024-08-09IP属地：浙江,5分 超棒,"
点赞"
姓龚的导游讲解太差，声音小，吐字不清楚，有口音听不懂。一点不专业，死板,2024-07-31IP属地：江苏,1分 不佳,"
点赞"
姓龚的导游讲解太差，一点不专业，死板，什么内容也没有讲出来，数字馆和民国馆没有时间就都没看上。太差了,2024-07-31IP属地：江苏,5分 超棒,"
点赞"
导游很好，值得一去,2024-07-30IP属地：陕西,5分 超棒,"
点赞"
讲的很不专业，没有逻辑性。没有把南京的特点，历史，有条理的讲下来。9点开始，10:40左右就草草结束了。 讲解博物馆很考研积累，普通人其实讲不了。这次是几次参观博物馆里最糟糕的一次。,2024-07-28IP属地：江苏,5分 超棒,"
点赞"
昨天晚上现抢了一张票，虽然早上十点到，下午三点才进去，也不虚此行。因为有幸遇到王忻老师，渊博的历史知识储量，精选二个小时的重点，一点没浪费，演讲过程中不停地照顾孩子，走时还告诉另外一些值得一去的景点，为他的专业及素质点赞！！！,2024-07-14IP属地：江苏,5分 超棒,"
点赞"
导游讲解很风趣，小朋友听的津津有味,2024-07-09IP属地：浙江,5分 超棒,"
点赞"
南京博物院是中国四大博物馆之一，位于南京市，拥有丰富的历史文物和展览，是一个值得一游的历史文化景点！去之前记得预约！那么有名的博物馆现场毫无管理可言，从进门排队开始就毫无秩序，也没有任何一个工作人员在现场维持秩序，管理混乱到一定地步！游玩体验极差。,2024-06-30IP属地：江苏,5分 超棒,"
3"
混乱十分的混乱，工作人员态度极其恶劣，浪费时间,2024-06-29IP属地：江苏,5分 超棒,"
点赞"
带了两个孩子参观南博，因为是用护照预定的门票，没有任何标识要去哪里取票，以为和故宫一样只要是人工客服就可以帮忙检票。结果先去了艺术馆排队，到了让去历史馆正门，又去排队，大太阳底下排到了，安检一挥手让去窗口，问窗口在哪里，极其不耐烦地往墙边指指，中间大厅的女工作人员态度还可以，往正确方向指了一下，我说你们没有任何提示，让我们怎么知道呢？！于是又排了第三个队，还是没有任何关于拿护照在此换票的提示，特意拍了照片。前面一个护照尾号输入错误的又耽误了十几二十分钟，里面两个工作人员，只有一个在工作，外面排了很长的队。本来一个告示或者人工操作就可以解决的问题，折腾了快一个小时才进去。对南京博物院的人员和设备十分失望。这还是我懂中文可以交流的前提下，如果是不懂中文的，完全搞不清状况。另外艺术馆基本上没有展厅开放，历史馆人满为患，都拥堵在有解说的物品前观看。希望能够好好借鉴一下其他博物馆的安排，以游客的角度审视一下流程，做一下人员培训。,2024-06-21IP属地：美国,4.6,"
6"
很好，值得推荐。,2024-06-11IP属地：浙江,5分 超棒,"
点赞"
超值的一次体验,2024-06-09IP属地：北京,5分 超棒,"
点赞"
南京博物院简称南院或南博，其前身是民国二十二年（1933年）蔡元培等倡建的国立中央博物院，是中国创建最早的博物馆、中国第一座由国家投资兴建的大型综合类博物馆。 南京博物院占地13万余平方米，为“一院六馆”格局，即历史馆、特展馆、数字馆、艺术馆、非遗馆、民国馆。,2024-06-09IP属地：江苏,5分 超棒,"
8"
挺精致的，给孩子留个纪念,2024-05-20IP属地：吉林,5分 超棒,"
点赞"
下次还来！,2024-05-19IP属地：北京,5分 超棒,"
点赞"
讲解水平很差,2024-05-13IP属地：广东,5分 超棒,"
点赞"
维维讲解耐心细致，看了多个镇院之宝，值得一游！！！不过，人真的很多，幸好提前预约！,2024-05-05IP属地：江苏,5分 超棒,"
1"
基本讲解了所有文物，拓展了很多知识，胡老师知识丰富，对孩子很有耐心。,2024-05-05IP属地：江苏,1分 不佳,"
点赞"
第一次遇到携程给我安排一个这么个讲解员，讲解内容就是这是啥，你们自己看。内容没有衔接，历史没有描述，人物没有介绍，还不如门口60一位的野导游。携程这么糊弄人，好自为之吧。,2024-05-05IP属地：江苏,1分 不佳,"
1"
讲的很详细,2024-05-04IP属地：浙江,5分 超棒,"
点赞"
中午一点去的，不用排队直接检票进场，免费预约票没抢到，不过预约的讲解老师很专业，讲得很棒，两个小时下来，虽然累了些，但大人孩子听的都很有趣,2024-05-03IP属地：江苏,4.6,"
点赞"
携程上预约了5.3南京博物院，到了后竟然被告知没有用，没用为啥不关闭通道，大老远白跑一趟，费时费力，人又多，差评，差评，差评,2024-05-03IP属地：江苏,1分 不佳,"
点赞"
导游服务较好,2024-05-01IP属地：江苏,5分 超棒,"
点赞"
导游人超好，讲解的很详细，棒棒哒！满分,2024-05-01IP属地：江苏,5分 超棒,"
点赞"
还行吧，方便了很多,2024-05-01IP属地：山西,1分 不佳,"
点赞"
丁丁老师讲解很好，专业、耐心，认真，对历史了解度高，好评。,2024-04-30IP属地：江苏,1分 不佳,"
点赞"
非常有深度的讲解,2024-04-29IP属地：辽宁,1分 不佳,"
点赞"
萍萍姐姐很耐心，知识渊博，演讲生动，非常值得，如果有机会海会再来,2024-04-28IP属地：江苏,5分 超棒,"
点赞"
非常不错的地方,2024-04-27IP属地：辽宁,5分 超棒,"
点赞"
误订，退不了！,2024-04-26IP属地：河南,5分 超棒,"
点赞"
展品丰富，展馆大,2024-04-24IP属地：吉林,5分 超棒,"
点赞"
没想到会当天放票，预约的这个解说很无聊，人很多，又热又闷，周边小粉炉也没买到，卖完了。,2024-04-24IP属地：江苏,4.6,"
点赞"
去的时候因为行程调整耽误了一点时间，在门口没进去特别着急。后来联系到了，讲的非常仔细，还重新把我没听到的补充了一下。非常感谢，好评。,2024-04-21IP属地：江苏,5分 超棒,"
点赞"
很充实的三个小时，导游小雨也是十分专业，尽量错峰，使得观感上升了不少。讲解内容也非常丰富，很愉快的博物馆之旅。被小猛兽们治愈的一天。,2024-04-16IP属地：江苏,1分 不佳,"
点赞"
总体还行吧,2024-04-14IP属地：江苏,5分 超棒,"
点赞"
南博很棒，值得我们一去再去。讲解员老师很不错！,2024-04-10IP属地：北京,5分 超棒,"
点赞"
为什么不售票呢？免费预订，根本订不到，但花钱却当天隔天都可以。这样明目张胆的利益输送，为什么不直接定个票价，让博物院增收？,2024-04-10IP属地：江苏,1分 不佳,"
10"
博物馆值得一去，讲解员水平有待加强，对于我们这种有历史背景的，随便提了一两个问题，都答不上来，讲的也有点水,2024-04-08IP属地：广西,5分 超棒,"
点赞"
讲解细致专业，非常不错,2024-04-07IP属地：江苏,5分 超棒,"
点赞"
蔡老师讲解不错 知识渊博,2024-04-06IP属地：江苏,1分 不佳,"
点赞"
下次愿意再选择大咖说,2024-04-06IP属地：江苏,5分 超棒,"
点赞"
小团讲解很好，解说很生动，人少体验感也要好许多，孩子也学到了许多知识,2024-04-06IP属地：江苏,5分 超棒,"
点赞"
服务超级好,2024-04-06IP属地：江苏,4.6,"
点赞"
"这次在携程预订的讲解，有提前主动联系，体验还不错。印象最深的就是蔡磊导游的生动讲解，知识渊博,让我们对历史和文化有了更深的了解,非常感谢!",2024-04-06IP属地：江苏,5分 超棒,"
点赞"
知识渊博，谈吐风趣，讲解的非常详细，虽然超出规定时间，仍然耐心讲解。,2024-04-05IP属地：浙江,5分 超棒,"
点赞"
讲解的傅小姐，讲解得很好 特别适合给小朋友们讲解南博的文物历史,2024-04-05IP属地：上海,5分 超棒,"
点赞"
馆藏文物丰富，值得一游，特别适合学生增加知识，历史馆珍宝多，很多是国内唯一，令人叹为观止。文创产品丰富，服务设施齐全，寄存行李等服务免费。,2024-04-05IP属地：江苏,5分 超棒,"
点赞"
讲解细致，小朋友很喜欢,2024-04-05IP属地：江苏,5分 超棒,"
点赞"
管导讲解很详细，听的很过瘾,2024-04-05IP属地：江苏,1分 不佳,"
点赞"
体验非常好，解说员很专业，小朋友受益很多,2024-04-05IP属地：江苏,5分 超棒,"
点赞"
此次博物院的旅行受益匪浅，王雨导游的讲解生动有趣，通过历史馆的讲解了解了中国源远流长的历史，也了解了古代人的智慧，不断的发展和进步，包括见识了很多件镇馆之宝，了解了古代艺术与文化，受益匪浅。也感谢最后帮助拍照，完美结束参观，拍照技术很棒,2024-04-05IP属地：江苏,3分 不错,"
1"
"值得多次去，因为一次看不全，""大宝贝""都是展一半藏起来一半。",2024-04-04IP属地：江苏,5分 超棒,"
1"
高老师讲解清晰完整，富有趣味性！,2024-04-04IP属地：浙江,5分 超棒,"
点赞"
刘卿老师的讲解非常专业、有体系、吸引人、有干货。两个7岁孩子全程3个小时听讲下来，不枯燥，收货很多，南博的镇馆之宝都有讲解，这个私家团超值，强烈推荐。,2024-04-04IP属地：江苏,4.6,"
点赞"
总体来说由于南京博物院现场人太多而导致体验感不佳。 但是，导游讲解小团还是很不错的，会照顾到小朋友，始终带着小朋友对着小朋友讲。 不过，当天的讲解设备有问题，声音忽大忽小，影响体验感。希望能够改善设备。,2024-04-03IP属地：上海,5分 超棒,"
1"
上次和朋友去的时候没有请导演，感觉看完了什么都没了解到。这次爸妈来特意找了导游。超级可爱的小姐姐，讲解很清楚。,2024-04-03IP属地：江苏,5分 超棒,"
点赞"
预约讲解含门票，也省的自己抢预约名额了。王丽丽老师讲的很生动有趣，知道很多历史知识，整个行程三个多小时也听下来了，没觉得无聊。南博人太多了，展品都很好看。我最喜欢金兽和竹林七贤的墙砖，非常值得一看的地方,2024-03-31IP属地：上海,1分 不佳,"
点赞"
导游特别有耐心，讲解特别详细，值得拥有，建议第一次去的小朋友们一定要请一个，更好地感受博物院的深度和广度，加深对江苏历史的了解！建议穿运动鞋，真的很大，要逛大半天！,2024-03-31IP属地：江苏,3分 不错,"
点赞"
马兰小姐姐讲解的很棒，风趣又故事性很强。从前一天就开始联系我们，给了我们一些玩的建议，而且也很负责，一直在跟我们沟通情况，特别好！下次我们来南博还找她,2024-03-31IP属地：山东,5分 超棒,"
点赞"
导游很不错，讲解很仔细,2024-03-31IP属地：江苏,5分 超棒,"
点赞"
讲解很到位，孩子听得很认真！,2024-03-31IP属地：江苏,5分 超棒,"
点赞"
萍萍老师接待了我们，带了两个娃，请个私人讲解还是很有必要，重点看了历史馆，还有几个特展馆，讲解因材施教，两个娃听得津津有味，临行还介绍了吃行，很是贴心，好评，感谢！,2024-03-31IP属地：江苏,5分 超棒,"
点赞"
态度非常亲切,2024-03-30IP属地：江苏,5分 超棒,"
点赞"
史老师讲解很好！文物历史了解的很透彻又有趣～两个小时太快了，下次得约三个小时的！跟男朋友一起，生动又贴合实际。也拍了很多藏品近照。,2024-03-30IP属地：湖南,5分 超棒,"
点赞"
导游小姐姐服务超棒，态度和蔼可亲，热情周到,2024-03-30IP属地：江苏,4.6,"
点赞"
携程的第三方讲解人员，水平太差啦。讲不出来历史，只知道陈列品的字面意思，不清楚历史故事。不再推荐购买携程这种讲解服务，不如到展馆找专业讲解。性价比还好,2024-03-30IP属地：江苏,5分 超棒,"
点赞"
史老师讲解的特别详细生动，也拓宽了我们的历史视野，还特别亲切的送了两个孩子小礼物。非常非常推荐带孩子的家长找史老师，会给孩子一次非凡的体验。,2024-03-30IP属地：江苏,5分 超棒,"
1"
非常满意，很好,2024-03-30IP属地：江苏,5分 超棒,"
点赞"
马老师讲解的深入浅出，通过讲解古文物将历史串联，非常棒非常值的讲解，推荐！,2024-03-29IP属地：江苏,5分 超棒,"
点赞"
非常值得推荐,2024-03-27IP属地：上海,5分 超棒,"
点赞"
蔡老师知识渊博，热情洋溢，人也幽默自在，感谢🙏🏻，期待下次见面,2024-03-26IP属地：江苏,5分 超棒,"
点赞"
讲解的挺好,2024-03-24IP属地：江苏,5分 超棒,"
点赞"
小姐姐讲的特别详细，把展出的镇馆之宝都讲的很详细,2024-03-21IP属地：江苏,5分 超棒,"
点赞"
比较不错。,2024-03-18IP属地：浙江,5分 超棒,"
点赞"
导游超级棒 知识面很广 什么都知道 讲的很生动 小朋友都很喜欢 听的津津有味 下次去博物馆还要请 否则真的是囫囵吞枣 转一圈啥也没看到 博物馆导游讲解真的是非常必要 而且导游还知道最捷径的路线 少走冤枉路,2024-03-11IP属地：安徽,5分 超棒,"
点赞"
讲解员姐姐解说很耐心，不过再根据客人人群有针对性的加一些趣味故事就好啦,2024-03-11IP属地：北京,4.6,"
点赞"
含南博预约，导游提前一天联系，太适合拖家带口的亲子游了。博物院里人山人海，重点几项都讲到了。,2024-03-11IP属地：浙江,4分 满意,"
点赞"
讲解的让人想睡觉，时间有限只能说一部分，跟着导游走，知道讲不完也不会提前问对什么感兴趣选择有兴趣的，都是导游觉得有意义的他就讲，接待用的，客人反馈很差，都别买！找不到投诉的地儿直接是,2024-02-27IP属地：江苏,5分 超棒,"
点赞"
南博南屠门票预约。 【趣味】棒 【景色】棒,2024-02-26IP属地：江苏,5分 超棒,"
点赞"
小姐姐知识很丰富，对南京的所有景点都比较了解，再讲解的时候能够把历史串起来，讲解有重点，着重讲解了特展区的文物，因为特展的文物不会总能看到，我们这次是赶上了90周年,2024-02-24IP属地：江苏,5分 超棒,"
点赞"
讲的非常棒,2024-02-24IP属地：江苏,5分 超棒,"
点赞"
讲的不错，收获满满,2024-02-23IP属地：天津,5分 超棒,"
点赞"
直接租个讲解器就可以，人工讲解体验感不好，讲的不好，不够详细，没有趣味，就是对着展品讲，历史知识点讲的不多，没有故事的延展性，而且又贵，性价比不高！,2024-02-22IP属地：江苏,5分 超棒,"
点赞"
总体还可以吧，孩子学到很多。讲解很有耐心的。人很多，小姐姐就找地方让孩子们坐下来，自己站着给他们讲。挺辛苦的。总体很满意的,2024-02-20IP属地：江苏,5分 超棒,"
点赞"
服务非常好,2024-02-20IP属地：江苏,5分 超棒,"
点赞"
孙导讲解详细，非常棒👍🏻！,2024-02-20IP属地：江苏,5分 超棒,"
点赞"
私家小团，李导游服务热情、细致、很有耐心，可以根据个人需要给合理安排时间和参观路线，博物馆人很多并且闷热，导游还帮忙安抚孩子情绪。在讲解方面，个人认为导游普通话不错，讲解过程中能够体现她的专业知识范围覆盖广泛，对孩子语文学习有所启发，非常有价值的一次导游服务。,2024-02-18IP属地：江苏,4.6,"
点赞"
很愉快的博物馆之旅 感谢导游小姐姐的认真讲解 解锁了很多知识 以后还会再来的 南博的馆藏丰富 值得常来看看 还有好多好多要慢慢看,2024-02-17IP属地：北京,4分 满意,"
点赞"
好，非常好！,2024-02-16IP属地：广东,1分 不佳,"
点赞"
导游非常专业！非常好的讲解！,2024-02-16IP属地：江苏,5分 超棒,"
点赞"
南京绝对是我去过最差的旅游城市，没有之一。我们一行七人（包括两个老人家和两个小孩）千里迢迢从广州来到南京旅行过年，目的是为了带他们见识南京博物院的历史文化。出发前半个月在携程预订的门票，由江苏太某洋国际旅行社有限公司代理的产品。2月12日晚上接到该公司讲解员的确认电话。2月13日下午两点我们准时到南博院入口，但是南博院入门系统显示我们一行人的所有人都预约无效。同行该团队有近十个家庭都是如此情况，该公司人员开始时要求我们办理退款手续，说是南博限流导致随机抽取进入人员，及后报警在警察的陪同下到客服中心，客服中心出示该公司名单团队票名单并没有我们名字，公司人员改口说是工作人员失误输错名字，她们公司只能退款处理，还口出狂言＂爱投诉就投诉，爱起诉就起诉，能拿我怎样＂，随后扬长而去。我们出来后经其他旅行社导游告知，是游客太多，黄牛票价炒到150～300，所以该旅行社把我们的团体票名额卖给黄牛。该公司工作人员与黄牛党勾结的嫌疑，如该情况属实，该公司涉嫌商业欺诈的嫌疑。这种情况实在给南京文旅抹黑。携程平台应对该公司的代理资格重新审核，并作出处罚，否则有损携程网公平公正的口碑，我作为携程的会员对携程产品质量十分失望。,2024-02-14IP属地：江苏,5分 超棒,"
32"
莫老师很专业，就是时间不够。,2024-02-13IP属地：四川,5分 超棒,"
点赞"
希望能观展的都是真正喜欢历史，喜欢文化，喜欢研究的人群，而不是拿着手机抢队插队打卡拍照的一群莽夫，在历史面前对这些人真的很无语。,2024-02-12IP属地：江苏,5分 超棒,"
点赞"
年初二，南博徐老师讲解的绘声绘色，超赞👍,2024-02-11IP属地：江苏,5分 超棒,"
点赞"
体验感不错,2024-02-08IP属地：江苏,5分 超棒,"
点赞"
讲解详细，非常值得！,2024-02-08IP属地：江苏,5分 超棒,"
点赞"
讲解精彩到位。,2024-02-08IP属地：江苏,5分 超棒,"
点赞"
老师很专业，声音柔美，一家人收获满满，感觉这个比其他途径的，更靠谱,2024-02-07IP属地：江苏,4.6,"
点赞"
李导非常尽业，早早的就到达馆内等候。两个小时的讲解也非常细致，意犹未尽。,2024-02-07IP属地：江苏,5分 超棒,"
点赞"
讲解清楚，认真负责,2024-02-07IP属地：江苏,5分 超棒,"
点赞"
讲解细致，很好,2024-02-07IP属地：江苏,5分 超棒,"
点赞"
讲解得很赞，孩子听得很高兴😊,2024-02-06IP属地：江苏,1分 不佳,"
点赞"
讲解到位，细致耐心，态度和蔼！,2024-02-06IP属地：江苏,5分 超棒,"
点赞"
郭导特别好，很专业。预约的时间，准时到达。馆内人很多，但是郭导很耐心的讲解每一个文物。推荐！,2024-02-06IP属地：江苏,5分 超棒,"
点赞"
讲解耐心！非常好！,2024-02-06IP属地：江苏,5分 超棒,"
点赞"
导游讲解很认真很负责任，3个小时讲的很仔细，非常赞👍👍👍,2024-02-06IP属地：江苏,5分 超棒,"
点赞"
非常不错，挺好的,2024-02-06IP属地：海南,4分 满意,"
点赞"
老师非常耐心的讲解，非常nice,2024-02-04IP属地：江苏,4分 满意,"
点赞"
认真负责 有耐心,2024-02-04IP属地：江苏,4.6,"
点赞"
体验感不错,2024-02-04IP属地：江苏,5分 超棒,"
点赞"
很满意 讲的非常的好,2024-02-04IP属地：安徽,5分 超棒,"
点赞"
讲解很仔细，导游很专业,2024-02-04IP属地：江苏,5分 超棒,"
点赞"
南京博物院很好，朱导讲解很好,2024-02-04IP属地：江苏,5分 超棒,"
点赞"
今天的讲解员非常博学，而且非要热心，结束后还帮忙提供下个行程的停车攻略，非常Nice,2024-02-04IP属地：江苏,5分 超棒,"
点赞"
谢谢老师的讲解，专业又耐心，满满三小时的硬货知识，我家儿子听得很满意。谢谢啦！,2024-02-03IP属地：江苏,5分 超棒,"
点赞"
导游很热情，3小时辛苦啦，认真又细致，引导我们到人少的地方。很好的旅游体验,2024-02-03IP属地：福建,1分 不佳,"
点赞"
南博的这次体验感很好，飞哥的讲解耐心又专业，我推！！ 飞哥的讲解仿佛让这些千百年的文物瞬间鲜活起来 让参观者的我们瞬间穿越到那个时刻 强烈地感受着中华民族上下五千年的历史文化魅力 中国三大博物院就剩故宫了，改天也去打个卡就圆满了😃,2024-02-03IP属地：上海,5分 超棒,"
2"
徐导讲的非常好，很有耐心，小朋友很喜欢,2024-02-03IP属地：江苏,2分 一般,"
点赞"
讲解员讲解细心，讲解生动,2024-02-03IP属地：江苏,5分 超棒,"
点赞"
朱导讲解认真详实,2024-02-03IP属地：江苏,4.6,"
点赞"
讲解详细，工作热情,2024-02-02IP属地：江苏,5分 超棒,"
点赞"
讲解生动活泼,2024-02-02IP属地：江苏,5分 超棒,"
点赞"
讲解老师非常非常非常非常的专业。两个小时的讲解讲了我们南京博物院的一些镇院之宝。也赶上博物院首次拿出的一些宝物。一定会去二刷,2024-02-01IP属地：上海,5分 超棒,"
点赞"
讲解专业，内容丰富，适合带娃增长见识，非常适宜亲子游的打卡地。,2024-01-31IP属地：江苏,5分 超棒,"
点赞"
讲解员很棒，说的好，还提前帮我们预定了放置行李箱,2024-01-31IP属地：福建,5分 超棒,"
点赞"
讲解员耐心讲解，南博之行圆满打卡完成,2024-01-31IP属地：江苏,5分 超棒,"
点赞"
物超所值啊,2024-01-31IP属地：江苏,5分 超棒,"
点赞"
感谢国家高级导游王炘王老师两个多小时的精彩了解，生动清晰，每个馆出来还给我们总结，小朋友是个历史迷，听得意犹未尽，学习了很多新知识。还给我们介绍了周边的没事，非常好。,2024-01-31IP属地：江苏,5分 超棒,"
点赞"
导游周到热情,2024-01-31IP属地：江苏,5分 超棒,"
点赞"
讲解挺好的 就是比起其他博物院，南京就没那么哇塞了。 我个人观点,2024-01-31IP属地：云南,5分 超棒,"
点赞"
什么南京博物院，预约约不上，饱满还没体验，也没什么东西，来的人都是看人的千万别去，去了让你难以忘怀。,2024-01-31IP属地：江苏,4.6,"
点赞"
不错。很幽默,2024-01-30IP属地：江苏,5分 超棒,"
点赞"
今天阕老师滔滔不绝的给我们讲解了3个小时，真是意犹未尽，很多重要的展品介绍的非常详细，让孩子增长了不少见识，学到了很多历史知识。,2024-01-30IP属地：江苏,5分 超棒,"
点赞"
老师很专业博学，讲解耐心细致！每一个重要的馆藏文物都进行了细致地讲解，让孩子们学到了很多知识。路线安排也很合理，在我们时间有限的情况下，尽可能多的把主要的几件珍宝都参观到了。,2024-01-30IP属地：江苏,5分 超棒,"
点赞"
